{
    "AGIO": {
        "score": -5,
        "rsi": 12.03032063960552,
        "cci": -157.62065483917502
    },
    "EVBG": {
        "score": -5,
        "rsi": 18.578005577723026,
        "cci": -441.9315100206
    },
    "FATBP": {
        "score": -5,
        "rsi": 11.715080449138199,
        "cci": -192.87635418222962
    },
    "GREEL": {
        "score": -5,
        "rsi": 15.5105032718058,
        "cci": -142.29805589750467
    },
    "HLG": {
        "score": -5,
        "rsi": 16.26286344920639,
        "cci": -100.53954053849746
    },
    "KZIA": {
        "score": -5,
        "rsi": 18.80031695516896,
        "cci": -116.022973906611
    },
    "LABP": {
        "score": -5,
        "rsi": 15.187028928833492,
        "cci": -100.3583584822644
    },
    "LFMDP": {
        "score": -5,
        "rsi": 19.470301259242788,
        "cci": -251.32214720677814
    },
    "PTRAW": {
        "score": -5,
        "rsi": 15.3570052597381,
        "cci": -449.6141119426383
    },
    "PXSAP": {
        "score": -5,
        "rsi": 18.318787513747996,
        "cci": -109.89547703015046
    },
    "RDUS": {
        "score": -5,
        "rsi": 13.160087627022996,
        "cci": -168.77792919345063
    },
    "RETA": {
        "score": -5,
        "rsi": 18.408452480656187,
        "cci": -167.63068172814957
    },
    "SPWH": {
        "score": -5,
        "rsi": 9.808377192574348,
        "cci": -107.86823444796035
    },
    "SUNS": {
        "score": -5,
        "rsi": 14.759643287724012,
        "cci": -145.81724876865493
    },
    "UTME": {
        "score": -5,
        "rsi": 17.465305540797583,
        "cci": -104.03464752753847
    }
}