{
    "AAL": {
        "score": -3,
        "rsi": 29.789434619552676,
        "cci": -145.23671040885148
    },
    "ABEO": {
        "score": -3,
        "rsi": 24.660656765687342,
        "cci": -103.87201775799535
    }
}