{
    "AACG": {
        "score": -5,
        "rsi": 19.657423183334238,
        "cci": -153.3918610487637
    },
    "AEHL": {
        "score": -5,
        "rsi": 18.119064239241297,
        "cci": -143.80920435950824
    },
    "AEI": {
        "score": -5,
        "rsi": 14.652215830393853,
        "cci": -238.84503130877454
    },
    "AEY": {
        "score": -5,
        "rsi": 18.37088484778936,
        "cci": -197.97881689098625
    },
    "AGIO": {
        "score": -5,
        "rsi": 15.948679075431256,
        "cci": -157.38539898132424
    },
    "AGLE": {
        "score": -5,
        "rsi": 18.553592626273183,
        "cci": -347.2259963768113
    },
    "ALLK": {
        "score": -5,
        "rsi": 19.71034312152814,
        "cci": -252.83469651312922
    },
    "AMST": {
        "score": -5,
        "rsi": 18.60068366588056,
        "cci": -147.88230703192067
    },
    "ATNX": {
        "score": -5,
        "rsi": 16.974237229161396,
        "cci": -148.25697735650323
    },
    "AVCT": {
        "score": -5,
        "rsi": 16.950619627048713,
        "cci": -246.12261469752337
    },
    "BDSI": {
        "score": -5,
        "rsi": 19.713139356768576,
        "cci": -118.49574632637288
    },
    "BIIB": {
        "score": -5,
        "rsi": 18.303608084374137,
        "cci": -113.30111849786292
    },
    "BNGO": {
        "score": -5,
        "rsi": 18.100738252525034,
        "cci": -148.75629268339728
    },
    "BYSI": {
        "score": -5,
        "rsi": 17.071447315653515,
        "cci": -122.85455938697315
    },
    "CBIO": {
        "score": -5,
        "rsi": 14.22033482660111,
        "cci": -111.18578391305661
    },
    "CCD": {
        "score": -5,
        "rsi": 17.612032294379766,
        "cci": -114.5687733273218
    },
    "CFV": {
        "score": -5,
        "rsi": 14.051248457830358,
        "cci": -399.562399034826
    },
    "CIH": {
        "score": -5,
        "rsi": 13.542184457521133,
        "cci": -154.0819484626252
    },
    "CLSD": {
        "score": -5,
        "rsi": 18.52030899608439,
        "cci": -131.84423202376513
    },
    "DOCU": {
        "score": -5,
        "rsi": 17.599700723639263,
        "cci": -154.16482162271654
    },
    "EM": {
        "score": -5,
        "rsi": 17.786394410608438,
        "cci": -131.33867938028365
    },
    "EVOK": {
        "score": -5,
        "rsi": 15.669636566892894,
        "cci": -152.64747505850997
    },
    "HTGM": {
        "score": -5,
        "rsi": 18.64235844640333,
        "cci": -120.8316850795307
    },
    "MKTYP": {
        "score": -5,
        "rsi": 13.991177063124264,
        "cci": -311.22548845905266
    },
    "PTRAW": {
        "score": -5,
        "rsi": 16.111221957925128,
        "cci": -291.551245110042
    },
    "PXSAP": {
        "score": -5,
        "rsi": 19.56188226747054,
        "cci": -113.85574839588706
    },
    "SNES": {
        "score": -5,
        "rsi": 16.64010904306836,
        "cci": -130.08406744206624
    },
    "SPWH": {
        "score": -5,
        "rsi": 7.621371370755021,
        "cci": -182.23370030156363
    },
    "THMAU": {
        "score": -5,
        "rsi": 14.946050672136831,
        "cci": -121.49121079647618
    },
    "UTME": {
        "score": -5,
        "rsi": 17.297983192043652,
        "cci": -104.05780490396012
    },
    "XBIOW": {
        "score": -5,
        "rsi": 2.657017060249111,
        "cci": -167.83292677607773
    },
    "YMTX": {
        "score": -5,
        "rsi": 17.385550636972685,
        "cci": -106.47537200724841
    }
}