{
    "AACG": {
        "score": -5,
        "rsi": 16.02560609218984,
        "cci": -108.05692267624725
    },
    "AAL": {
        "score": -3,
        "rsi": 22.72301363514491,
        "cci": -151.53273138204162
    },
    "ABEO": {
        "score": -3,
        "rsi": 26.427963387159917,
        "cci": -133.83743398328556
    },
    "ABOS": {
        "score": -5,
        "rsi": 16.12803693541041,
        "cci": -105.62946536607895
    },
    "ABST": {
        "score": -3,
        "rsi": 18.47593253467829,
        "cci": -89.36497305716851
    },
    "ACCD": {
        "score": -5,
        "rsi": 13.686913612591528,
        "cci": -104.31419458284728
    },
    "ACER": {
        "score": -3,
        "rsi": 29.76836662182549,
        "cci": -124.73171742282987
    },
    "ACHC": {
        "score": -3,
        "rsi": 24.372399173811534,
        "cci": -150.37972409969262
    },
    "ACHV": {
        "score": -3,
        "rsi": 28.542298445564672,
        "cci": -123.15826117830778
    },
    "ACIU": {
        "score": -3,
        "rsi": 26.74855772081574,
        "cci": -120.05822925130198
    }
}