{
    "ASPU": {
        "score": -5,
        "rsi": 17.381232988847056,
        "cci": -300.3689799804925
    },
    "CBIO": {
        "score": -5,
        "rsi": 17.05889244374536,
        "cci": -151.77781667541862
    },
    "CHNR": {
        "score": -5,
        "rsi": 15.687336589679383,
        "cci": -152.4130267160363
    },
    "CMLT": {
        "score": -5,
        "rsi": 16.958385815637573,
        "cci": -226.32369714848102
    },
    "CNTG": {
        "score": -5,
        "rsi": 14.122141606966304,
        "cci": -169.4023029921943
    },
    "FANH": {
        "score": -5,
        "rsi": 16.544965399304946,
        "cci": -150.81676325022255
    },
    "FLWS": {
        "score": -5,
        "rsi": 18.937653507664887,
        "cci": -126.56076578813297
    },
    "GBIO": {
        "score": -5,
        "rsi": 13.257901768941736,
        "cci": -233.90519442453095
    },
    "GCMG": {
        "score": -5,
        "rsi": 16.577657202302845,
        "cci": -153.25821390803324
    },
    "GNCA": {
        "score": -5,
        "rsi": 18.46454967065939,
        "cci": -112.09140833575407
    },
    "GREEL": {
        "score": -5,
        "rsi": 10.800001727373287,
        "cci": -131.76688122525206
    },
    "GTH": {
        "score": -5,
        "rsi": 19.399383108823436,
        "cci": -117.02599853685227
    },
    "HLG": {
        "score": -5,
        "rsi": 9.840726666466704,
        "cci": -134.0537080493784
    },
    "JCS": {
        "score": -5,
        "rsi": 19.014420741791465,
        "cci": -129.70592565822062
    },
    "KXIN": {
        "score": -5,
        "rsi": 19.283103826669713,
        "cci": -134.52294797785146
    },
    "KZIA": {
        "score": -5,
        "rsi": 17.896964461666855,
        "cci": -102.14761777946185
    },
    "LABP": {
        "score": -5,
        "rsi": 18.46549629320217,
        "cci": -123.26875177114562
    },
    "MAPS": {
        "score": -5,
        "rsi": 17.364264888260106,
        "cci": -159.8036564129573
    },
    "MSGM": {
        "score": -5,
        "rsi": 14.440204363461799,
        "cci": -167.62965914429313
    },
    "OCCI": {
        "score": -5,
        "rsi": 16.213524480246292,
        "cci": -156.5735481317457
    },
    "OZON": {
        "score": -5,
        "rsi": 19.828716923598417,
        "cci": -150.3023185001522
    },
    "PLUS": {
        "score": -5,
        "rsi": 17.61974712904953,
        "cci": -233.3012104792812
    },
    "PT": {
        "score": -5,
        "rsi": 18.48017048454038,
        "cci": -169.76154386964353
    },
    "PTRAW": {
        "score": -5,
        "rsi": 15.3570052597381,
        "cci": -449.6141119426383
    },
    "PXSAP": {
        "score": -5,
        "rsi": 12.285590600085893,
        "cci": -168.73412745116576
    },
    "SFT": {
        "score": -5,
        "rsi": 19.396006340141977,
        "cci": -166.12045914041593
    },
    "SUNS": {
        "score": -5,
        "rsi": 11.696065802424986,
        "cci": -136.03614533624545
    },
    "TIGO": {
        "score": -5,
        "rsi": 18.064068590894788,
        "cci": -194.09507387029862
    },
    "TRVI": {
        "score": -5,
        "rsi": 18.519418460657164,
        "cci": -172.95231205160655
    },
    "UTME": {
        "score": -5,
        "rsi": 18.401734071580705,
        "cci": -106.73462499684364
    },
    "VACC": {
        "score": -5,
        "rsi": 18.998196079801875,
        "cci": -186.91292576560815
    },
    "WVVI": {
        "score": -5,
        "rsi": 19.380813140574233,
        "cci": -116.46540726479138
    },
    "XCUR": {
        "score": -5,
        "rsi": 18.15796921500813,
        "cci": -200.4587185097665
    },
    "YMTX": {
        "score": -5,
        "rsi": 18.409897336764313,
        "cci": -138.156959256221
    },
    "YNDX": {
        "score": -5,
        "rsi": 19.86935467310947,
        "cci": -129.46365784888164
    }
}