{
    "ABEO": {
        "score": -5,
        "rsi": 15.271669404357695,
        "cci": -289.46739783555154
    },
    "CGTX": {
        "score": -5,
        "rsi": 19.2486848112406,
        "cci": -141.6578713066174
    },
    "CMLT": {
        "score": -5,
        "rsi": 5.804463707951219,
        "cci": -308.1225056545775
    },
    "CMLTU": {
        "score": -5,
        "rsi": 10.25551822149381,
        "cci": -307.7299533394718
    },
    "DBTX": {
        "score": -5,
        "rsi": 16.600955796779438,
        "cci": -171.3284130466955
    },
    "DUNEW": {
        "score": -5,
        "rsi": 18.87778551212027,
        "cci": -158.38010079155796
    },
    "FANH": {
        "score": -5,
        "rsi": 16.313377084062207,
        "cci": -142.6262220089156
    },
    "GBIO": {
        "score": -5,
        "rsi": 17.21907113641043,
        "cci": -112.41089282511568
    },
    "GNCA": {
        "score": -5,
        "rsi": 17.928866125463596,
        "cci": -104.99053577592277
    },
    "HLG": {
        "score": -5,
        "rsi": 8.682567029081165,
        "cci": -132.81177527869283
    },
    "IMBIL": {
        "score": -5,
        "rsi": 18.55100329159045,
        "cci": -186.28990144312408
    },
    "JCS": {
        "score": -5,
        "rsi": 18.3456838018981,
        "cci": -104.56970297976062
    },
    "LABP": {
        "score": -5,
        "rsi": 18.006272596178185,
        "cci": -117.22019114139854
    },
    "MSGM": {
        "score": -5,
        "rsi": 13.110183194999344,
        "cci": -135.17292064087655
    },
    "PLUS": {
        "score": -5,
        "rsi": 16.662331154983733,
        "cci": -122.6007971541332
    },
    "PT": {
        "score": -5,
        "rsi": 19.408545170321794,
        "cci": -113.03421132303971
    },
    "PTRAW": {
        "score": -5,
        "rsi": 15.3570052597381,
        "cci": -449.6141119426383
    },
    "SFT": {
        "score": -5,
        "rsi": 17.792726045266583,
        "cci": -124.7745682916352
    },
    "SUNS": {
        "score": -5,
        "rsi": 8.792170671392622,
        "cci": -146.83037605906355
    },
    "UTME": {
        "score": -5,
        "rsi": 16.772282096315585,
        "cci": -118.378154928641
    },
    "XCUR": {
        "score": -5,
        "rsi": 18.58692307084409,
        "cci": -115.78215684031186
    }
}