{
    "ABOS": {
        "score": -5,
        "rsi": 19.439589988967047,
        "cci": -142.98707216453988
    },
    "AURCW": {
        "score": -5,
        "rsi": 16.440479313835652,
        "cci": -156.85359200523817
    },
    "CBIO": {
        "score": -5,
        "rsi": 18.1902536080239,
        "cci": -127.62636684930852
    },
    "CHNR": {
        "score": -5,
        "rsi": 16.670271689307178,
        "cci": -159.87376458456444
    },
    "FATBP": {
        "score": -5,
        "rsi": 14.025116720914234,
        "cci": -138.51498522957303
    },
    "FLWS": {
        "score": -5,
        "rsi": 19.736719237497343,
        "cci": -128.77010213323652
    },
    "GREEL": {
        "score": -5,
        "rsi": 13.890948991174888,
        "cci": -128.15676190116073
    },
    "HLG": {
        "score": -5,
        "rsi": 11.60246969557379,
        "cci": -140.10545631995
    },
    "JCS": {
        "score": -5,
        "rsi": 18.51507748127072,
        "cci": -151.16799241582606
    },
    "LABP": {
        "score": -5,
        "rsi": 14.145333070973729,
        "cci": -125.67614156420271
    },
    "MAPS": {
        "score": -5,
        "rsi": 19.005393299160453,
        "cci": -145.50369799505336
    },
    "MSGM": {
        "score": -5,
        "rsi": 18.16726665025099,
        "cci": -141.793269677112
    },
    "OCCI": {
        "score": -5,
        "rsi": 18.59022002907981,
        "cci": -252.1876026510547
    },
    "PLMR": {
        "score": -5,
        "rsi": 19.05851062937901,
        "cci": -110.48756126454663
    },
    "PT": {
        "score": -5,
        "rsi": 17.58383885516126,
        "cci": -175.06974100162535
    },
    "PTRAW": {
        "score": -5,
        "rsi": 15.3570052597381,
        "cci": -449.6141119426383
    },
    "PXSAP": {
        "score": -5,
        "rsi": 14.765537850242092,
        "cci": -140.61012065550142
    },
    "RDUS": {
        "score": -5,
        "rsi": 13.070158993688093,
        "cci": -126.04448604152842
    },
    "RETA": {
        "score": -5,
        "rsi": 18.165921941828216,
        "cci": -129.5738408951999
    },
    "SCPS": {
        "score": -5,
        "rsi": 15.881781897649908,
        "cci": -101.290184082005
    },
    "SUNS": {
        "score": -5,
        "rsi": 14.163113619573238,
        "cci": -133.70662000583303
    },
    "UTME": {
        "score": -5,
        "rsi": 15.860997442824932,
        "cci": -113.49423322437033
    },
    "UTRS": {
        "score": -5,
        "rsi": 13.65791204867752,
        "cci": -104.16907013942225
    },
    "XCUR": {
        "score": -5,
        "rsi": 18.555284620792953,
        "cci": -319.6314025804321
    },
    "XFOR": {
        "score": -5,
        "rsi": 19.131504509735397,
        "cci": -233.91465150911804
    }
}