{
    "AACG": {
        "score": -5,
        "rsi": 16.02560609218984,
        "cci": -108.05692267624725
    },
    "ABOS": {
        "score": -5,
        "rsi": 16.12803693541041,
        "cci": -105.62946536607895
    },
    "ACCD": {
        "score": -5,
        "rsi": 13.686913612591528,
        "cci": -104.31419458284728
    },
    "ACOR": {
        "score": -5,
        "rsi": 16.964014947297844,
        "cci": -135.2316484322475
    },
    "ALRN": {
        "score": -5,
        "rsi": 19.71255247225591,
        "cci": -106.81492681356059
    },
    "CDZIP": {
        "score": -5,
        "rsi": 17.673567742195008,
        "cci": -294.4651185153154
    },
    "CHPM": {
        "score": -5,
        "rsi": 19.478773433460415,
        "cci": -277.9481969587855
    },
    "CNTB": {
        "score": -5,
        "rsi": 15.250190345160428,
        "cci": -316.7806771573041
    },
    "CPSI": {
        "score": -5,
        "rsi": 18.1237849736578,
        "cci": -117.81288324915383
    },
    "CRTX": {
        "score": -5,
        "rsi": 17.984210533016174,
        "cci": -126.07152607152601
    },
    "DCT": {
        "score": -5,
        "rsi": 18.50221472207457,
        "cci": -184.98661007875623
    },
    "ELOX": {
        "score": -5,
        "rsi": 11.135375970505365,
        "cci": -182.66365688487568
    },
    "EVBG": {
        "score": -5,
        "rsi": 19.336995094642106,
        "cci": -115.26030428013439
    },
    "EVFM": {
        "score": -5,
        "rsi": 15.61635808923168,
        "cci": -168.75387652079007
    },
    "FCFS": {
        "score": -5,
        "rsi": 15.791838939714014,
        "cci": -122.62622155034737
    },
    "HSTO": {
        "score": -5,
        "rsi": 18.04680367639486,
        "cci": -130.04905097035632
    },
    "IDRA": {
        "score": -5,
        "rsi": 15.866388942164257,
        "cci": -188.41106065048993
    },
    "LTRPB": {
        "score": -5,
        "rsi": 17.528257620881533,
        "cci": -252.49845673139902
    },
    "MAPS": {
        "score": -5,
        "rsi": 19.09727038590288,
        "cci": -107.8546999041259
    },
    "MBOT": {
        "score": -5,
        "rsi": 19.985194305304468,
        "cci": -181.49582885933793
    },
    "MDWT": {
        "score": -5,
        "rsi": 17.06277273672783,
        "cci": -119.96374414973099
    },
    "MNTS": {
        "score": -5,
        "rsi": 18.149841870103508,
        "cci": -113.49590711850101
    },
    "MOMO": {
        "score": -5,
        "rsi": 19.22726377312228,
        "cci": -186.45797566081183
    },
    "MRKR": {
        "score": -5,
        "rsi": 16.088167935163167,
        "cci": -174.04487568223172
    },
    "MRNS": {
        "score": -5,
        "rsi": 19.07989889651716,
        "cci": -182.16135280300006
    },
    "MTP": {
        "score": -5,
        "rsi": 19.843513964774374,
        "cci": -195.4302436828183
    },
    "NCNO": {
        "score": -5,
        "rsi": 18.837142999070963,
        "cci": -207.01977874622884
    },
    "NDRA": {
        "score": -5,
        "rsi": 19.50933871012844,
        "cci": -118.33211458096409
    },
    "NEXI": {
        "score": -5,
        "rsi": 17.736725216896055,
        "cci": -131.76833937300668
    },
    "NOVVU": {
        "score": -5,
        "rsi": 15.817546531911496,
        "cci": -138.73717105143916
    },
    "NVNO": {
        "score": -5,
        "rsi": 18.207269491568802,
        "cci": -170.4187008213197
    },
    "ORGS": {
        "score": -5,
        "rsi": 18.727216358320756,
        "cci": -151.90026652220288
    },
    "PHIO": {
        "score": -5,
        "rsi": 18.5648548693961,
        "cci": -205.873310903544
    },
    "PIRS": {
        "score": -5,
        "rsi": 19.013398096692928,
        "cci": -111.22647790081344
    },
    "PLMR": {
        "score": -5,
        "rsi": 19.456484972139986,
        "cci": -130.96507259620256
    },
    "PRPL": {
        "score": -5,
        "rsi": 14.382140960038281,
        "cci": -108.95938932071327
    },
    "PTRAW": {
        "score": -5,
        "rsi": 16.111221957925128,
        "cci": -291.551245110042
    },
    "QH": {
        "score": -5,
        "rsi": 15.463755739683966,
        "cci": -242.83421371545913
    },
    "QTT": {
        "score": -5,
        "rsi": 11.854487783112294,
        "cci": -164.78227086221193
    },
    "REED": {
        "score": -5,
        "rsi": 18.24870477066596,
        "cci": -147.8156962709741
    },
    "RKDA": {
        "score": -5,
        "rsi": 19.846365676401778,
        "cci": -119.36467862552466
    },
    "RZLT": {
        "score": -5,
        "rsi": 15.020064533076305,
        "cci": -156.3936781609195
    },
    "SCPS": {
        "score": -5,
        "rsi": 15.737535330844343,
        "cci": -126.82303261249015
    },
    "SECO": {
        "score": -5,
        "rsi": 10.386020225149275,
        "cci": -152.13487122801706
    },
    "SFT": {
        "score": -5,
        "rsi": 19.89181151865889,
        "cci": -104.972724492715
    },
    "SGLB": {
        "score": -5,
        "rsi": 19.338104526181304,
        "cci": -162.8621453939646
    },
    "SGTX": {
        "score": -5,
        "rsi": 12.155824828922048,
        "cci": -143.42501269612163
    },
    "SLNO": {
        "score": -5,
        "rsi": 19.533133769840425,
        "cci": -135.3756709086872
    },
    "SNES": {
        "score": -5,
        "rsi": 18.00068343229799,
        "cci": -162.2038641791454
    },
    "SPWH": {
        "score": -5,
        "rsi": 9.072909789040171,
        "cci": -422.9157464470764
    },
    "SVOKU": {
        "score": -5,
        "rsi": 8.32073524602325,
        "cci": -310.48928015331217
    },
    "TBLD": {
        "score": -5,
        "rsi": 12.866455445042032,
        "cci": -149.41194371969837
    },
    "THMAU": {
        "score": -5,
        "rsi": 14.946050672136831,
        "cci": -121.49121079647618
    },
    "TIRX": {
        "score": -5,
        "rsi": 18.522008301869075,
        "cci": -152.7697819261579
    },
    "TMDI": {
        "score": -5,
        "rsi": 18.658328365885353,
        "cci": -113.9843546641459
    },
    "UPC": {
        "score": -5,
        "rsi": 12.258594892368286,
        "cci": -263.74805034946155
    },
    "UTME": {
        "score": -5,
        "rsi": 17.386829879246697,
        "cci": -123.5805445694157
    },
    "VGFC": {
        "score": -5,
        "rsi": 18.095881638644407,
        "cci": -103.95472836166269
    },
    "VIVE": {
        "score": -5,
        "rsi": 19.494466974563387,
        "cci": -114.86660134848466
    },
    "VNET": {
        "score": -5,
        "rsi": 19.450980207250012,
        "cci": -111.42307830439141
    },
    "WINV": {
        "score": -5,
        "rsi": 7.412238608664423,
        "cci": -145.12195121951245
    },
    "XBIOW": {
        "score": -5,
        "rsi": 4.057783352128112,
        "cci": -145.718050065876
    },
    "YGMZ": {
        "score": -5,
        "rsi": 14.637815317744689,
        "cci": -157.96098449658373
    },
    "YMTX": {
        "score": -5,
        "rsi": 14.491006841710803,
        "cci": -163.23359502900703
    }
}