{
    "ADMS": {
        "score": 6,
        "rsi": 75.83233954737578,
        "cci": 207.22610722609943
    },
    "AMTB": {
        "score": 6,
        "rsi": 72.98461935787296,
        "cci": 240.67390073779845
    },
    "ARTNA": {
        "score": 6,
        "rsi": 74.85596737857391,
        "cci": 436.85332761557675
    },
    "BLFY": {
        "score": 6,
        "rsi": 72.84352078268033,
        "cci": 219.651582749097
    },
    "CALT": {
        "score": 6,
        "rsi": 70.20751165951499,
        "cci": 223.92632470661587
    },
    "CERN": {
        "score": 6,
        "rsi": 83.61842772755205,
        "cci": 291.20542433366484
    },
    "DFPH": {
        "score": 7,
        "rsi": 92.20284638933386,
        "cci": 335.7752132463606
    },
    "GNFT": {
        "score": 6,
        "rsi": 86.86530516817403,
        "cci": 466.66666666666623
    },
    "HCARU": {
        "score": 6,
        "rsi": 70.63831420700188,
        "cci": 348.2900734190359
    },
    "ITOS": {
        "score": 6,
        "rsi": 75.79917405552717,
        "cci": 211.9169985362639
    },
    "MCADR": {
        "score": 6,
        "rsi": 70.66156014693082,
        "cci": 227.59480263457266
    },
    "MOLN": {
        "score": 6,
        "rsi": 70.08320060390325,
        "cci": 205.49950884664753
    },
    "NETE": {
        "score": 6,
        "rsi": 80.06885233639362,
        "cci": 211.2858496671038
    },
    "ROSEU": {
        "score": 6,
        "rsi": 73.93933503109987,
        "cci": 259.1779017511191
    },
    "RTPYW": {
        "score": 6,
        "rsi": 87.56405606515747,
        "cci": 226.2752389855831
    },
    "SOLY": {
        "score": 6,
        "rsi": 75.78249189195381,
        "cci": 263.01974094502657
    },
    "SPRB": {
        "score": 6,
        "rsi": 74.70845618942427,
        "cci": 460.3376885230644
    },
    "TCDA": {
        "score": 6,
        "rsi": 70.92277453368426,
        "cci": 204.5238525614951
    },
    "TEKKU": {
        "score": 6,
        "rsi": 73.29570721790364,
        "cci": 354.2178311153621
    },
    "TMTS": {
        "score": 6,
        "rsi": 85.33897352018839,
        "cci": 242.72909356189848
    },
    "TRIL": {
        "score": 6,
        "rsi": 73.79426579364538,
        "cci": 254.3311573930153
    },
    "VMAC": {
        "score": 6,
        "rsi": 72.15900386536725,
        "cci": 254.96357388316883
    },
    "VOSO": {
        "score": 7,
        "rsi": 93.86396316888425,
        "cci": 466.66666666666737
    },
    "VOSOU": {
        "score": 6,
        "rsi": 84.53453392153827,
        "cci": 460.7739508243278
    },
    "VOSOW": {
        "score": 6,
        "rsi": 81.04198481516985,
        "cci": 357.016496213421
    }
}