{
    "ABUS": {
        "score": 6,
        "rsi": 75.40938038907537,
        "cci": 431.81383870744247
    },
    "ACAH": {
        "score": 6,
        "rsi": 71.28118128455213,
        "cci": 323.3673460230304
    },
    "AEHAU": {
        "score": 6,
        "rsi": 77.6258228246988,
        "cci": 305.59779571359826
    },
    "AOSL": {
        "score": 6,
        "rsi": 73.22878264250112,
        "cci": 269.8601720791853
    },
    "BHSEU": {
        "score": 6,
        "rsi": 86.91147824552293,
        "cci": 231.01383560052227
    },
    "BLFY": {
        "score": 6,
        "rsi": 76.90117218262473,
        "cci": 225.55506137243174
    },
    "BMRN": {
        "score": 6,
        "rsi": 76.60944314856891,
        "cci": 323.17662933742906
    },
    "BSGA": {
        "score": 6,
        "rsi": 79.22900209247383,
        "cci": 248.14721791991528
    },
    "CCB": {
        "score": 6,
        "rsi": 90.6157942725252,
        "cci": 118.62809404317515
    },
    "CLOEU": {
        "score": 6,
        "rsi": 78.23668147840255,
        "cci": 331.0178306092194
    },
    "DFPH": {
        "score": 7,
        "rsi": 92.7410222314769,
        "cci": 335.7752132463596
    },
    "DRNA": {
        "score": 6,
        "rsi": 88.55675572475651,
        "cci": 232.60499530124787
    },
    "FSBC": {
        "score": 6,
        "rsi": 86.58308924226196,
        "cci": 223.1739203930349
    },
    "FSII": {
        "score": 6,
        "rsi": 93.23045851388619,
        "cci": 134.83365230674443
    },
    "GTEC": {
        "score": 6,
        "rsi": 81.16273438769751,
        "cci": 466.66666666666674
    },
    "HNNAZ": {
        "score": 6,
        "rsi": 70.17198546575581,
        "cci": 369.4897694897696
    },
    "HSON": {
        "score": 6,
        "rsi": 91.63111594581059,
        "cci": 110.17387604381483
    },
    "INTG": {
        "score": 6,
        "rsi": 70.02599132436761,
        "cci": 214.02639369817007
    },
    "ITOS": {
        "score": 7,
        "rsi": 91.09633162252617,
        "cci": 213.68295691378506
    },
    "JUPWW": {
        "score": 6,
        "rsi": 80.65114619431623,
        "cci": 326.7224042711744
    },
    "LCAAW": {
        "score": 6,
        "rsi": 78.98255190604519,
        "cci": 212.43840123966828
    },
    "LCNB": {
        "score": 6,
        "rsi": 84.71953155171389,
        "cci": 207.1298921648528
    },
    "LGVN": {
        "score": 6,
        "rsi": 86.74540443884133,
        "cci": 355.8408022016603
    },
    "MCADR": {
        "score": 6,
        "rsi": 73.77449168113212,
        "cci": 236.92903395957757
    },
    "MEKA": {
        "score": 6,
        "rsi": 75.46126880146628,
        "cci": 204.17347381880856
    },
    "MLACU": {
        "score": 6,
        "rsi": 70.12749798340424,
        "cci": 466.6666666666005
    },
    "MRVL": {
        "score": 6,
        "rsi": 72.536961834245,
        "cci": 382.9939981028076
    },
    "OPNT": {
        "score": 6,
        "rsi": 71.97900414838794,
        "cci": 266.5449939282607
    },
    "SOTK": {
        "score": 6,
        "rsi": 70.47824387610278,
        "cci": 350.5292935438302
    },
    "SPK": {
        "score": 6,
        "rsi": 77.27931769347327,
        "cci": 466.6666666667115
    },
    "SVBI": {
        "score": 6,
        "rsi": 78.04657241503732,
        "cci": 283.94814296101504
    },
    "TC": {
        "score": 6,
        "rsi": 76.71600449952096,
        "cci": 251.68177934767795
    },
    "TMTS": {
        "score": 6,
        "rsi": 89.36974296284414,
        "cci": 247.1516471817847
    },
    "TMTSU": {
        "score": 6,
        "rsi": 77.80543955909008,
        "cci": 236.98195712667027
    },
    "VOSO": {
        "score": 7,
        "rsi": 94.19168131593226,
        "cci": 208.800616942146
    },
    "VOSOU": {
        "score": 6,
        "rsi": 85.04207549623419,
        "cci": 460.3637327996541
    },
    "XOMAP": {
        "score": 6,
        "rsi": 73.37125035189075,
        "cci": 204.5889892887478
    }
}