{
    "AAON": {
        "score": 6,
        "rsi": 71.30940611084318,
        "cci": 212.35695663018782
    },
    "ACET": {
        "score": 6,
        "rsi": 77.98008153641042,
        "cci": 369.0386686444642
    },
    "BHACU": {
        "score": 6,
        "rsi": 74.99778970808443,
        "cci": 210.14492753623753
    },
    "CFVI": {
        "score": 7,
        "rsi": 98.34823648414937,
        "cci": 252.37755159313065
    },
    "CFVIU": {
        "score": 7,
        "rsi": 96.87719137487056,
        "cci": 249.93229022205514
    },
    "CFVIW": {
        "score": 6,
        "rsi": 94.81605420036642,
        "cci": 197.85635863226034
    },
    "DARE": {
        "score": 6,
        "rsi": 72.94621777855514,
        "cci": 299.99759719012656
    },
    "DFPH": {
        "score": 7,
        "rsi": 92.72701883079452,
        "cci": 335.7752132463606
    },
    "ENSC": {
        "score": 6,
        "rsi": 70.2060491130957,
        "cci": 402.09599797365775
    },
    "FAST": {
        "score": 6,
        "rsi": 70.531706475504,
        "cci": 212.26921757112203
    },
    "FOXWU": {
        "score": 6,
        "rsi": 70.5385574886698,
        "cci": 312.60683760683145
    },
    "GRBK": {
        "score": 6,
        "rsi": 74.97333575779246,
        "cci": 263.889885514857
    },
    "HPKEW": {
        "score": 6,
        "rsi": 70.52552692316283,
        "cci": 200.24177642043642
    },
    "INDT": {
        "score": 6,
        "rsi": 76.32503378500446,
        "cci": 277.81078967943904
    },
    "INKAU": {
        "score": 6,
        "rsi": 79.39308057467973,
        "cci": 222.76422764226496
    },
    "IPAXU": {
        "score": 7,
        "rsi": 91.34713805486767,
        "cci": 400.81849617422085
    },
    "LCAAU": {
        "score": 6,
        "rsi": 86.76449518849682,
        "cci": 257.6834230213958
    },
    "MCADR": {
        "score": 6,
        "rsi": 73.76509602715616,
        "cci": 236.92903395957757
    },
    "MPACW": {
        "score": 7,
        "rsi": 90.21467365734699,
        "cci": 466.66666666666674
    },
    "MRVL": {
        "score": 6,
        "rsi": 79.34631288143126,
        "cci": 218.4127578771242
    },
    "OXBRW": {
        "score": 6,
        "rsi": 74.0429341179302,
        "cci": 248.13360520583615
    },
    "SIMO": {
        "score": 6,
        "rsi": 80.61662225636235,
        "cci": 321.359255414749
    },
    "SOTK": {
        "score": 6,
        "rsi": 80.146465026342,
        "cci": 241.27309020120944
    },
    "SVBI": {
        "score": 6,
        "rsi": 78.04657241503732,
        "cci": 283.94814296101504
    },
    "TACO": {
        "score": 6,
        "rsi": 83.32906813175194,
        "cci": 233.73417149410784
    },
    "TER": {
        "score": 6,
        "rsi": 72.09293548590888,
        "cci": 250.7789374675286
    },
    "TMTS": {
        "score": 6,
        "rsi": 89.36974296284414,
        "cci": 247.1516471817847
    },
    "TMTSU": {
        "score": 6,
        "rsi": 77.80543955909008,
        "cci": 236.98195712667027
    },
    "UBCP": {
        "score": 6,
        "rsi": 70.22283227250038,
        "cci": 226.26901007182602
    },
    "VOSO": {
        "score": 7,
        "rsi": 94.19168131593226,
        "cci": 208.800616942146
    },
    "VOSOU": {
        "score": 6,
        "rsi": 85.04207549623419,
        "cci": 460.3637327996541
    }
}