{
    "ADMS": {
        "score": 6,
        "rsi": 75.83233948420911,
        "cci": 207.22610722609943
    },
    "AVGO": {
        "score": 6,
        "rsi": 76.50024324898546,
        "cci": 254.5914565164641
    },
    "AVGOP": {
        "score": 6,
        "rsi": 77.87640538835132,
        "cci": 228.18782113242096
    },
    "CHRW": {
        "score": 6,
        "rsi": 73.57938249257832,
        "cci": 219.98734931998382
    },
    "CPSS": {
        "score": 6,
        "rsi": 74.1781619593896,
        "cci": 251.4969962825448
    },
    "DFPH": {
        "score": 7,
        "rsi": 92.20284638933386,
        "cci": 335.7752132463606
    },
    "EPAY": {
        "score": 6,
        "rsi": 72.90923033830278,
        "cci": 350.9943654415952
    },
    "HOVNP": {
        "score": 6,
        "rsi": 85.45351371024447,
        "cci": 254.38969607636665
    },
    "IMKTA": {
        "score": 6,
        "rsi": 73.48966518629926,
        "cci": 257.1867482447516
    },
    "LEE": {
        "score": 6,
        "rsi": 78.27440251139242,
        "cci": 272.0190893834469
    },
    "LITE": {
        "score": 6,
        "rsi": 75.45181433806461,
        "cci": 215.92953504774778
    },
    "MCADR": {
        "score": 6,
        "rsi": 70.66156014693082,
        "cci": 227.59480263457266
    },
    "MEOAU": {
        "score": 6,
        "rsi": 80.4412594850274,
        "cci": 455.23822738169775
    },
    "METCL": {
        "score": 6,
        "rsi": 74.28523931829942,
        "cci": 290.28134638329107
    },
    "NETE": {
        "score": 6,
        "rsi": 80.06885313232885,
        "cci": 211.28584966710372
    },
    "QTT": {
        "score": 6,
        "rsi": 89.96189721231528,
        "cci": 466.6666666666667
    },
    "RTPYW": {
        "score": 6,
        "rsi": 87.56405606515747,
        "cci": 226.2752389855831
    },
    "SGMA": {
        "score": 6,
        "rsi": 81.14195816787975,
        "cci": 405.23846028306104
    },
    "TMTS": {
        "score": 6,
        "rsi": 85.33897352018839,
        "cci": 242.72909356189848
    },
    "TRIL": {
        "score": 6,
        "rsi": 73.79426579364538,
        "cci": 254.3311573930153
    },
    "VOSO": {
        "score": 7,
        "rsi": 93.86396316888425,
        "cci": 466.66666666666737
    },
    "VOSOU": {
        "score": 6,
        "rsi": 84.53453392153827,
        "cci": 460.7739508243278
    },
    "VOSOW": {
        "score": 6,
        "rsi": 81.04198481516985,
        "cci": 357.016496213421
    },
    "VSTA": {
        "score": 6,
        "rsi": 75.96104895425364,
        "cci": 294.41878260220415
    }
}