{
    "ADMS": {
        "score": 6,
        "rsi": 75.83236574885146,
        "cci": 207.22610722609943
    },
    "ARNA": {
        "score": 6,
        "rsi": 78.55105940396327,
        "cci": 415.01270089394706
    },
    "BLU": {
        "score": 6,
        "rsi": 70.33917045261758,
        "cci": 441.37738875758936
    },
    "DFPH": {
        "score": 7,
        "rsi": 92.20284638983604,
        "cci": 335.7752132463606
    },
    "ESSC": {
        "score": 6,
        "rsi": 87.67398455493222,
        "cci": 287.1670813075834
    },
    "ESSCW": {
        "score": 6,
        "rsi": 72.0072618326023,
        "cci": 279.2588688071821
    },
    "FHTX": {
        "score": 6,
        "rsi": 75.26502958506464,
        "cci": 295.30327783325845
    },
    "HUSN": {
        "score": 6,
        "rsi": 78.61423448007699,
        "cci": 310.6849680956428
    },
    "IMKTA": {
        "score": 6,
        "rsi": 74.6688201546862,
        "cci": 232.07167511354206
    },
    "LEE": {
        "score": 6,
        "rsi": 83.70088455297093,
        "cci": 252.37676461659154
    },
    "MCADR": {
        "score": 6,
        "rsi": 70.66156014693082,
        "cci": 227.59480263457266
    },
    "NETE": {
        "score": 6,
        "rsi": 80.06885313232885,
        "cci": 211.28584966710372
    },
    "QTT": {
        "score": 6,
        "rsi": 87.10422825552953,
        "cci": 226.00920199081747
    },
    "RAM": {
        "score": 6,
        "rsi": 70.95166682174279,
        "cci": 449.72031178362226
    },
    "RAMMW": {
        "score": 6,
        "rsi": 74.74751607482521,
        "cci": 255.0084260555726
    },
    "RTPYW": {
        "score": 6,
        "rsi": 87.56405606515747,
        "cci": 226.2752389855831
    },
    "SEAC": {
        "score": 6,
        "rsi": 85.89934922632635,
        "cci": 430.46635809671983
    },
    "SGMA": {
        "score": 6,
        "rsi": 74.09345259038817,
        "cci": 284.5837809856816
    },
    "TMTS": {
        "score": 6,
        "rsi": 85.33897352018839,
        "cci": 242.72909356189848
    },
    "TRIL": {
        "score": 6,
        "rsi": 73.79422323573053,
        "cci": 254.3311573930153
    },
    "VOSO": {
        "score": 7,
        "rsi": 93.86396316888425,
        "cci": 466.66666666666737
    },
    "VOSOU": {
        "score": 6,
        "rsi": 84.53453392153827,
        "cci": 460.7739508243278
    },
    "VOSOW": {
        "score": 6,
        "rsi": 81.04198481516985,
        "cci": 357.016496213421
    }
}