{
    "ADMS": {
        "score": 6,
        "rsi": 75.83236574885146,
        "cci": 207.22610722609943
    },
    "CCMP": {
        "score": 6,
        "rsi": 82.48613422894098,
        "cci": 355.6883431952928
    },
    "DFPH": {
        "score": 7,
        "rsi": 92.20284638983604,
        "cci": 335.7752132463606
    },
    "GIIXU": {
        "score": 6,
        "rsi": 72.82554447042918,
        "cci": 291.9112375904278
    },
    "GIIXW": {
        "score": 6,
        "rsi": 87.72894404977178,
        "cci": 375.88363240891744
    },
    "GRTX": {
        "score": 6,
        "rsi": 70.2073066840816,
        "cci": 243.596179000076
    },
    "IMKTA": {
        "score": 6,
        "rsi": 84.00842207380373,
        "cci": 222.43036501002769
    },
    "LNDC": {
        "score": 6,
        "rsi": 74.92811160089465,
        "cci": 257.0822731128075
    },
    "MCADR": {
        "score": 6,
        "rsi": 70.66156014693082,
        "cci": 227.59480263457266
    },
    "NETE": {
        "score": 6,
        "rsi": 80.06885313232885,
        "cci": 211.28584966710372
    },
    "RTPYW": {
        "score": 6,
        "rsi": 87.56405606515747,
        "cci": 226.2752389855831
    },
    "SOLY": {
        "score": 6,
        "rsi": 75.782495227621,
        "cci": 263.0197409450261
    },
    "SVSVW": {
        "score": 6,
        "rsi": 81.13134028653415,
        "cci": 250.55598717400383
    },
    "TMTS": {
        "score": 6,
        "rsi": 85.33897352018839,
        "cci": 242.72909356189848
    },
    "TRIL": {
        "score": 6,
        "rsi": 73.79422323573053,
        "cci": 254.3311573930153
    },
    "VOSO": {
        "score": 7,
        "rsi": 93.86396316888425,
        "cci": 466.66666666666737
    },
    "VOSOU": {
        "score": 6,
        "rsi": 84.53453392153827,
        "cci": 460.7739508243278
    },
    "VOSOW": {
        "score": 6,
        "rsi": 81.04198481516985,
        "cci": 357.016496213421
    }
}