{
    "AAPL": {
        "score": 3,
        "rsi": 69.94551445663373,
        "cci": 126.11759920741241
    },
    "ABGI": {
        "score": 4,
        "rsi": 59.97261733952728,
        "cci": 203.9988492520142
    },
    "ABUS": {
        "score": 6,
        "rsi": 75.40938038907537,
        "cci": 431.81383870744247
    },
    "ACAH": {
        "score": 6,
        "rsi": 71.28118128455213,
        "cci": 323.3673460230304
    },
    "ACAHU": {
        "score": 4,
        "rsi": 68.54298454839959,
        "cci": 246.39486944571647
    },
    "ACAHW": {
        "score": 5,
        "rsi": 76.66306690090735,
        "cci": 166.87942199803572
    },
    "ACET": {
        "score": 4,
        "rsi": 62.655924284308334,
        "cci": 216.05519758951874
    }
}